Codigo;Descripcion;Estado;Stock Minimo;Q Stock;Etapa en ejecución;Q pptada etapa;Qpptada x lote;Q comprada;Q recibida;Q entregada;Qprom semana;Acción propuesta2;Cant prop
1194652;ACRIZINC NEGRO 1 GAL;STOCK BAJO NIVEL CRITICO;2.5;0.0;15.0;6.5;0.43333333333333335;6.0;6.0;3.99;;Recuperar;2.01
1269909;ADHESIVO AC EN PASTA 25 KG;STOCK OK;7.888;24.0;14.0;23.48;1.3811764705882352;23.479999999999997;23.48;24.46999999999999;;Recuperar;0.9899999999999913
1177641;ADHESIVO EN POLVO 25 KG 1 SAC O;STOCK OK;47.25;96.0;15.0;142.0;9.466666666666667;142.0;142.0;129.0;;Posponer;
1261106;ALFOMBRA SPEED BEIGE 400 1 M2;STOCK OK;263.55;700.17455078125;14.0;754.64;44.39058823529412;746.1999999999999;746.2;23.01;;Recuperar;23.015449218750064
1177895;ANTICORROSIVO NEGRO 1 GAL;STOCK BAJO NIVEL CRITICO;2.5;1.9073486328125e-06;15.0;1.6;0.10666666666666667;2.0;2.0;0.54;;Recuperar;3.459998092651367
1274812;BASE COAT 20 KG 1 SACO;STOCK OK;95.25;119.99998718261719;16.0;53.09;4.826363636363637;50.0;50.0;2.1;;Posponer;
1178193;"BROCHA 2"" 1 UN";STOCK BAJO NIVEL CRITICO;15.0;0.0;13.0;27.0;2.4545454545454546;46.0;46.0;16.0;;Recuperar;30.0
1179508;"BROCHA 4"" 1 UN";STOCK OK;11.25;41.0;14.0;37.5;2.2058823529411766;58.75;58.75;17.330000000000005;;Posponer;
1208153;CALEFON SPLENDID 10 LTS IONIZA DO G.L. 1 UN CON FLEXIBLES;STOCK BAJO NIVEL CRITICO;5.0;0.0;14.0;12.0;0.7058823529411765;12.0;12.0;6.0;;Recuperar;6.0
1191849;CALEFON SPLENDID 7 LTS IONIZAD O 1 UN CON FLEXIBLES;STOCK BAJO NIVEL CRITICO;5.0;0.0;14.0;5.0;0.29411764705882354;5.0;5.0;5.0;;Comprar;
1178222;"CANERIA CU 3/4"" TIPO L 1 ML";STOCK OK;10.0;135.0;14.0;34.0;2.0;34.0;34.0;15.0;;Posponer;
1191945;CAVE TECNOBOND 20 KG;STOCK OK;0.88;3.46;14.0;2.11;0.12411764705882353;2.11;2.11;1.5399999999999998;;Posponer;
1189722;CELOSIA 20 X 20 BLANCA 1 UN;STOCK OK;15.0;115.0;14.0;46.0;2.7058823529411766;46.0;20.0;0.0;;Seguimiento;
1286080;CERAMICA SOLANA BEIGE 45 X 45;STOCK OK;165.6375;234.40005859375;15.0;496.99;33.132666666666665;496.99;496.99;316.63;;Posponer;
1295381;CERAMICA NEW BLANCA BRILL 20 X;STOCK OK;51.765;178.0799932861328;14.0;154.09;9.064117647058824;89.03999999999999;89.03;46.46000000000001;;Comprar;
1193027;CERRADURA CILINDRICA INOX YALE ACCESO LLAVE 1 UN;STOCK OK;5.0;15.0;14.0;17.0;1.0;17.0;17.0;17.0;;Posponer;
1193060;CERRADURA CILINDRICA INOX YALE BANO 134640 1 UN;STOCK OK;10.0;29.0;14.0;17.0;1.0;29.0;29.0;29.0;;Recuperar;0.0
1248251;CERRADURA CILINDRICA INOX YALE OFICINA-DORMITORIO 134630 1 UN;STOCK BAJO NIVEL CRITICO;5.0;0.0;14.0;17.0;1.0;34.0;34.0;93.97999999999999;;Recuperar;30.0
1193086;CERRADURA CILINDRICA INOX YALE S/PASO 1 UN;CERCA DE NIVEL CRITICO;20.0;22.0;14.0;29.0;1.7058823529411764;29.0;29.0;4.99;;Recuperar;30.009999999999998
1252664;CERROJO INOX LLAVE LLAVE 1 UN;STOCK OK;5.0;64.0;14.0;34.0;2.0;34.0;34.0;34.0;;Posponer;
1179591;"DESAGUE LAVATORIO 1 1/4"" 1 UN";STOCK BAJO NIVEL CRITICO;10.0;5.0;14.0;17.0;1.0;29.0;29.0;29.0;;Recuperar;0.0
1256198;"DESAGUE LAVATORIO 1 1/4"" C/REB /REJ 1 UN";STOCK OK;10.0;28.0;;;;;;;;;
1177879;DESAGUE TINA/REBALSE/SIFON 1 UN;STOCK OK;10.0;24.0;14.0;17.0;1.0;29.0;29.0;29.91999999999996;;Recuperar;4.0
1290581;ESTANQUE LUGANO 1 UN;STOCK OK;10.0;215.0;;;;;;;;;
1291188;EXTRACTOR RETON 100 BTH HIGRO 1 UN;STOCK OK;15.0;42.0;14.0;46.0;2.7058823529411766;46.0;46.0;6.0;;Posponer;
1208621;FRAGUE CERAMICO ALMOND 1 KG;STOCK OK;63.1;120.00003906250004;13.0;109.43;9.94818181818182;108.81;108.81;104.34;;Posponer;
1179524;FRAGUE CERAMICO BLANCO 1 KG;STOCK OK;19.72;31.00000762939453;14.0;58.7;3.4529411764705884;58.379999999999995;58.38000000000001;56.81999999999999;;Posponer;
1182889;LANA DE VIDRIO 100 MM 1 M2;STOCK OK;400.0;783.0;14.0;243.12;14.301176470588235;235.72;235.72;187.21999999999997;;Posponer;
1194492;LANA DE VIDRIO 140 MM 1 M2;STOCK OK;400.0;693.0;13.0;783.67;71.24272727272727;783.0;783.0;10.36;;Recuperar;79.63999999999999
1295453;LATEX CIELOLAT BLANCO 1T;STOCK OK;12.0;34.0;14.0;36.3;2.135294117647059;43.0;43.0;25.78;;Posponer;
1295488;LATEX CIELOLAT MARFIL 1T;STOCK OK;15.0;47.15;14.0;46.5;2.735294117647059;46.5;46.5;23.680000000000007;;Posponer;
1192260;LAVAMANOS VALENCIA 1 UN;STOCK OK;10.0;103.0;11.0;17.0;1.0;29.0;29.0;5.01;;Recuperar;28.99000000000001
1189191;LAVAPLATO ACERO INOX. DERECHO 0,80 MTS CEMCO 1 UN;STOCK OK;5.0;11.0;12.0;4.0;0.2222222222222222;4.0;4.0;1.0;;Recuperar;3.0
1189175;LAVAPLATO ACERO INOX. IZQUIERD O 0,80 MTS CEMCO 1 UN;STOCK OK;5.0;10.0;12.0;14.0;0.7777777777777778;14.0;14.0;11.0;;Posponer;
1251346;MALLA DE FIBRA DE VIDRIO 1X50 MTS 1 UN;STOCK OK;8.125;28.100000610351564;15.0;24.13;1.6086666666666667;24.13;24.13;19.150000000000002;;Posponer;
1270432;MARMOLINA BEIGE (25 KG) 1 TINETA;CERCA DE NIVEL CRITICO;9.533333333;11.0;11.0;86.64;5.096470588235294;28.0;28.0;1.0;;Comprar;
1270483;MARMOLINA BLANCA (25 KG) 1 TINETA;STOCK OK;1.25;36.0;14.0;71.64;4.214117647058823;15.0;15.0;13.5;;Comprar;
1270459;MARMOLINA GRIS ARENA (25 KG) 1 TINETA;STOCK OK;9.533333333;30.0;14.0;71.64;4.214117647058823;30.0;30.0;14.129999999999999;;Comprar;
1270441;MARMOLINA MOSTAZA (25 KG) 1 TINETA;STOCK OK;9.533333333;18.0;14.0;71.64;4.214117647058823;3.0;3.0;15.0;;Comprar;
1192956;MASTERSEAL 550 30 KG 1 JUEGO;STOCK OK;5.0;20.0;15.0;15.0;1.0;15.0;15.0;10.0;;Posponer;
1274821;MASTERWALL BEIGE (IC) 23 KG 1 TINETA;STOCK OK;1.833333333;12.0;13.0;12.1;1.0999999999999999;4.1;4.1;1.0;;Comprar;
1274839;MASTERWALL GRIS ARENA(SR) 23KG 1 TINETA;STOCK OK;1.833333333;11.0;14.0;13.2;0.776470588235294;6.7;6.699999999999999;1.0;;Comprar;
1274847;MASTERWALL MOSTAZA (GS) 23 KG 1 TINETA;STOCK OK;1.833333333;13.0;13.0;12.1;1.0999999999999999;4.1;4.1;1.0;;Comprar;
1182803;"MEDIDOR AGUA POTABLE 3/4"" 1 U N";STOCK OK;5.0;33.0;13.0;11.0;1.0;12.0;12.0;12.0;;Recuperar;0.0
1299451;PASTA MURO CI-2005 24 KG 1 TIN;STOCK OK;18.0;38.0;;;;;;;;;
1264585;MONOMANDO LAVAPLATO LINEA ORNE LLA STRETTO 1 UN;STOCK OK;5.0;17.0;13.0;11.0;1.0;14.0;14.0;11.0;;Recuperar;3.0
1184121;MONOMANDO LAVATORIO ORNELLA MO SAICO 1 UN;STOCK OK;10.0;26.0;13.0;11.0;1.0;24.0;24.0;19.0;;Recuperar;8.0
1184139;MONOMANDO TINA-DUCHA ORNELLA M OSAICO 1 UN;STOCK OK;10.0;29.0;13.0;11.0;1.0;22.0;22.0;19.0;;Recuperar;3.0
1182483;MUEBLE LAVAPLATO 0,8 MTS 1 UN;STOCK BAJO NIVEL CRITICO;5.0;0.0;14.0;17.0;1.0;17.0;17.0;10.0;;Recuperar;7.0
1274791;NIVELADOR AOCEM MIX-A (20 KG) 1 SACO;STOCK OK;15.215;94.82;14.0;54.58;3.2105882352941175;45.25;45.25;12.18;;Comprar;
1180074;OLEO OPACO BLANCO 1 GAL;STOCK OK;8.5;57.0;12.0;28.0;1.5555555555555556;28.0;28.0;11.600000000000003;;Posponer;
1183945;OLEO OPACO MARFIL 1 GAL;STOCK OK;2.5;14.0;11.0;12.9;0.7588235294117647;12.899999999999999;12.899999999999999;9.199999999999998;;Posponer;
1183136;PAPEL FIELTRO 10/40 1 ROLLO;STOCK BAJO NIVEL CRITICO;20.0;5.67;16.0;43.32;3.938181818181818;43.32;43.32;40.92000000000001;;Posponer;
1191662;PEDESTAL UNIVERSAL 1 UN;STOCK OK;10.0;236.0;;;;;;;;;
1201470;PEGAMENTO ALFOMBRA PATEL;STOCK OK;4.15;24.619999618530272;14.0;10.93;0.6429411764705882;10.87;10.87;0.19;;Posponer;
1178821;"PINO 2"" X 10"" X 3,20 MT CEPIL LADO";STOCK BAJO NIVEL CRITICO;20.0;3.0;14.0;48.0;2.823529411764706;48.0;48.0;36.0;;Recuperar;9.0
1193713;"PINO 2"" X 2"" X 3,20 MT IMPREGN ADO";STOCK BAJO NIVEL CRITICO;447.5;0.0;16.0;941.0;85.54545454545455;940.5;940.5;829.0;;Recuperar;111.5
1188105;PLANCHA FIBROCEMENTO 4 MM 1 P LANCHA;STOCK BAJO NIVEL CRITICO;80.0;75.0;16.0;60.0;5.454545454545454;53.0;53.0;72.0;;Comprar;
1192999;PLANCHA OSB STD 9,5 MM X 2,44 X 1,22 MTS 1 PLANCHA;STOCK OK;5.0;57.0;15.0;22.0;1.4666666666666666;22.0;22.0;9.0;;Posponer;
1179698;PLANCHA YESO-CARTON ST 10 MM 1 ,20 X 2,40 1 PLANCHA;STOCK OK;300.0;468.0;15.0;856.0;57.06666666666667;856.0;856.0;705.0;;Recuperar;87.0
1278928;POLIESTIRENO EXP. 30 MM (20KG/ M3) 1 PLANCHA;STOCK OK;75.0;474.0;16.0;165.0;15.0;165.0;165.0;210.0;;Recuperar;45.0
1278944;POLIESTIRENO EXP. 70 MM (20KG/ M3) 1 PLANCHA;STOCK OK;60.0;80.0;15.0;156.0;10.4;156.0;156.0;120.0;;Recuperar;48.0
1278952;POLIESTIRENO EXP. 80 MM (20KG/ M3) 1 PLANCHA;STOCK OK;665.0;1675.0;15.0;2025.0;135.0;2026.0;2026.0;2025.0;;Posponer;
1192112;PUERTA HDF PRESTIGE 0,65 X 2 M T INTERIOR 1 UN;STOCK OK;5.0;11.0;15.0;13.0;0.8666666666666667;13.0;13.0;10.0;;Posponer;
1192121;PUERTA HDF PRESTIGE 0,70 X 2 M T INTERIOR 1 UN;STOCK OK;20.0;76.0;15.0;32.0;2.1333333333333333;58.0;58.0;20.0;;Recuperar;3.0
1188471;PUERTA TERCIADO 0,75 X 2 MTS. EXT. C/C 1 UN;STOCK OK;5.0;17.0;14.0;17.0;1.0;17.0;17.0;17.0;;Posponer;
1260955;PUERTA PROTEGIDA HDF 0,8X2MTS PRESTIGE;STOCK OK;5.0;26.0;14.0;17.0;1.0;17.0;17.0;18.0;;Recuperar;0.0
1187241;REGULADOR P/GAS 45KG RI 11100 1 UN;STOCK OK;5.0;17.0;12.0;18.0;1.0;18.0;18.0;14.0;;Posponer;
1196455;SILICONA SANISIL BLCO 1 UN;STOCK OK;7.0;32.0;13.0;13.3;1.2090909090909092;13.0;13.0;7.600000000000001;;Posponer;
1177650;SILICONA SIKACRYL AS BLANCO P;STOCK OK;35.0;141.0;12.0;114.0;6.333333333333333;396.0;396.0;247.0;;Recuperar;8.0
1187671;"TAPACAN SMARTSIDE TRIM 5 1/2"" LP 1 UN";STOCK BAJO NIVEL CRITICO;27.5;26.0;16.0;44.0;4.0;54.5;54.5;44.0;;Posponer;
1187751;"TAPACAN SMARTSIDE TRIM 7 1/4"" LP 1 UN";STOCK BAJO NIVEL CRITICO;22.5;3.5;16.0;49.5;4.5;49.0;49.0;49.5;;Posponer;
1188463;TERCIADO ESTRUCTURAL 12 MM 1 PLANCHA;STOCK BAJO NIVEL CRITICO;5.0;1.0;14.0;12.0;0.7058823529411765;12.0;12.0;9.0;;Recuperar;15.0
1177490;THOMSIT MONTAJE PL 500 3,8 KG 1 GAL;STOCK OK;15.0;25.25;14.0;26.75;1.5735294117647058;44.25;44.25;28.0;;Recuperar;-16.25
1180331;TINA 1,20 X 0,70 MTS BLANCA ES MALTADA 1 UN;STOCK OK;5.0;15.0;14.0;12.0;0.7058823529411765;12.0;12.0;11.920000000000002;;Posponer;
1256817;TINA BAÑO 1,3X0,7 BLANCA 1UN;STOCK OK;5.0;16.0;14.0;17.0;1.0;17.0;17.0;18.0;;Recuperar;1.0
1272315;TUBERIA PEX 20 MM;STOCK OK;35.0;247.0;;;;;;;;;
1198151;VENTANA TECHO 55 X 78 CM 1 UN;STOCK BAJO NIVEL CRITICO;5.0;2.0;16.0;8.0;0.7272727272727273;8.0;8.0;8.0;;Posponer;
1275065;"VENTILACION PASIVA 4"" 1 UN";STOCK OK;25.0;78.0;13.0;49.0;4.454545454545454;55.0;55.0;47.0;;Recuperar;5.0
1290599;WC LUGANO DESC. MURO 1 UN;STOCK OK;5.0;90.0;;;;;;;;;
1290601;WC LUGANO DESC. PISO 1 UN;STOCK OK;5.0;119.0;12.0;18.0;1.0;18.0;18.0;8.0;;;
1268615;YESO EXPRESS 25 KG;STOCK OK;56.25;110.0;14.0;177.15;10.420588235294119;177.15;177.15;250.79999999999998;;Recuperar;73.64999999999998
